{
    "config": {
        
        "exchanges": {},
        "trader": {
            "enabled": false,
            "load-trade-history": true
        },
        "trader-simulator": {
            "enabled": true,
            "fees": {
                "maker": 0.01,
                "taker": 0.06
            },
            "starting-portfolio": {
                "USDT": 10000
            }
        },
        "trading": {
            "reference-market": "USDT",
            "risk": 0.5
        }
    },
    "profile": {
        "avatar": "matrix-icon.png",
        "description": "This is the default profile for semi auto trading mode. Duplicate this profile to customize settings",
        "id": "dda285df-035c-446a-9102-e4b11a9d0213",
        "imported": false,
        "name": "default semi auto trading mode",
        "origin_url": null,
        "read_only": true
    }
}